{"MaximumInscribedSphereRadius": {"_ArrayType_": "double", "_ArraySize_": [136], "_ArrayData_": [1.3045472261125337, 1.3050544989481736, 1.3054077862601494, 1.3117575707734617, 1.3133953099605191, 1.316660070940958, 1.3165541650839283, 1.3071070761233514, 1.3314630610385696, 1.3317922856683004, 1.326379556990879, 1.3198449041399427, 1.3089666165380254, 1.270460343892132, 1.2704448993674695, 1.2685297783093168, 1.2805721002228752, 1.2868032020395508, 1.2794705137876061, 1.2480939253547905, 1.250517507070618, 1.2688582706939415, 1.2702053828983084, 1.2702392223796592, 1.2730253396775415, 1.2732995287484414, 1.282817806495393, 1.3046204875753484, 1.3062992551634682, 1.2980712365407436, 1.30067696116003, 1.3029858931680751, 1.299692364063165, 1.2957009457582649, 1.2957034729515093, 1.295791202659849, 1.3004172664392266, 1.3118655962710823, 1.3111008834119136, 1.3076084617376706, 1.3083276514738433, 1.3081933343432943, 1.3026296373351511, 1.313337042983891, 1.3108013638196836, 1.2941304317097284, 1.281018610715494, 1.278080783607124, 1.2594686670746709, 1.2631027391443, 1.2667332801878781, 1.266877619858812, 1.2847757390546133, 1.2917457235453562, 1.2928308321463562, 1.293282503243544, 1.2919282164978045, 1.2768800732327743, 1.2768806517958902, 1.276916233427522, 1.2713280816515093, 1.2683526121950783, 1.2742938395700554, 1.2756475704871253, 1.2752842675685019, 1.2637833564571201, 1.2575357861579954, 1.2521643432985567, 1.248813065776872, 1.2624339964921951, 1.2639553293216876, 1.252698636775359, 1.2526803727680242, 1.2521913032382816, 1.230441973421757, 1.2345005665774176, 1.2329392665663703, 1.244836680044285, 1.2593836729204937, 1.2564002611698024, 1.2547172669654274, 1.2534550542470448, 1.2539920968653877, 1.2371872529870018, 1.2444420484342982, 1.2499143449511572, 1.2516987002242832, 1.2490440903819122, 1.2090743847418564, 1.1893943247989378, 1.1889666051346721, 1.1663557255853063, 1.1897152989740591, 1.20995304281184, 1.210424750137018, 1.2094964400151071, 1.1634075880532777, 1.1842579123557595, 1.1857841131109217, 1.1605961485474336, 1.159110633113273, 1.1480150729755296, 1.0939870182569498, 1.100366630557825, 1.076885927657921, 1.0715322169340245, 1.0758989774937562, 1.079664300368527, 1.070076278070652, 1.0375064382026893, 1.0796234632129236, 1.087092598704881, 1.0917901777774053, 1.1046958888447318, 1.123910283230061, 1.124421552079447, 1.1358094566019992, 1.162617131684155, 1.164540530138509, 1.161383408383754, 1.1468641011085385, 1.1405958291910419, 1.1330293868808685, 1.1460942827623415, 1.1486997448867526, 1.1496748202335667, 1.1607147583360562, 1.180014091612784, 1.1984560555089947, 1.1978150151796019, 1.2004276430643777, 1.2038564002499377, 1.2057273540013658, 1.1969231274631271, 1.196752022535861, 1.1826643835242805]}, "EdgeArray": {"_ArrayType_": "int32", "_ArraySize_": [136, 2], "_ArrayData_": [1393, 1393, 3007, 2127, 3007, 3007, 2999, 2999, 1589, 2391, 1589, 2982, 2982, 709, 2989, 2989, 4275, 4275, 6472, 6473, 8000, 5260, 6746, 6466, 6746, 8031, 8029, 8029, 6747, 8029, 6747, 6747, 6514, 2865, 2865, 2865, 6557, 6557, 11497, 11497, 10320, 10320, 13405, 13400, 13405, 13405, 13406, 13405, 13406, 13406, 13395, 13406, 13395, 13395, 11762, 11762, 15261, 15261, 9718, 8729, 9724, 9724, 16837, 16837, 16835, 16835, 15486, 15486, 11690, 15486, 11690, 11690, 13513, 13513, 15313, 15313, 8734, 15484, 20261, 20261, 20269, 20269, 20244, 20244, 20283, 20283, 21691, 21691, 21694, 21690, 11658, 21650, 20375, 20375, 23236, 23236, 21749, 17042, 24850, 17042, 24847, 24847, 24845, 24847, 24845, 24845, 24852, 15422, 24940, 24852, 24940, 24940, 24827, 24827, 26355, 26355, 24802, 26355, 24802, 24802, 18722, 23840, 27975, 26376, 26375, 26376, 26375, 26375, 26404, 26404, 24892, 24892, 13989, 25451, 28476, 28476, 28009, 28009, 31516, 31553, 31597, 25603, 30195, 30195, 29944, 30195, 29944, 29944, 33427, 33412, 23246, 28859, 23246, 29747, 33407, 33407, 37127, 37127, 37132, 37173, 38720, 37080, 37080, 24119, 37220, 38714, 31582, 31582, 38752, 38752, 38771, 35761, 37106, 37106, 40174, 40174, 40247, 40247, 37546, 37546, 40201, 40264, 41668, 39274, 42855, 42855, 42856, 43915, 35288, 43916, 45158, 45150, 41720, 41720, 45135, 45128, 45135, 41773, 45141, 46996, 46996, 41691, 41691, 41691, 46255, 46255, 45256, 45256, 45208, 45208, 48835, 48835, 48904, 48904, 47881, 47881, 50514, 50514, 49624, 49655, 50274, 48819, 50274, 49578, 49578, 49578, 47991, 50462, 49648, 49648, 51405, 48539, 52251, 52251, 51382, 51382, 52207, 48459, 50479, 50479, 51378, 51375, 52340, 52340, 47963, 47963, 51444, 51444, 45619, 53243, 26457, 53243, 53155, 26457, 54191, 47534, 52356, 54190, 52356, 52366, 52366, 53372, 53372, 55467, 50592, 50592, 56306, 56306, 56305, 56306, 56305, 56305]}, "EdgePCoordArray": {"_ArrayType_": "double", "_ArraySize_": [136], "_ArrayData_": [0.0, 0.5320000000000004, 0.0, 0.0, 0.43600000000000033, 0.8680000000000007, 0.09600000000000006, 0.0, 0.0, 0.9560000000000007, 0.8680000000000007, 0.5720000000000004, 0.09600000000000006, 0.0, 0.9920000000000008, 0.0, 0.5480000000000004, 0.0, 0.0, 0.0, 0.0, 0.10800000000000007, 0.0, 0.9880000000000008, 0.0, 0.9720000000000008, 0.0, 0.0, 0.0, 0.9520000000000007, 0.0, 0.0, 0.0, 0.0, 0.9720000000000008, 0.0, 0.0, 0.0, 0.2960000000000002, 0.0, 0.0, 0.0, 0.0, 0.0, 0.9360000000000007, 0.8200000000000006, 0.0, 0.0, 0.5720000000000004, 0.4040000000000003, 0.0, 0.9920000000000008, 0.0, 0.12400000000000008, 0.5920000000000004, 0.0, 0.0, 0.0, 0.9840000000000008, 0.0, 0.19200000000000014, 0.5680000000000004, 0.23600000000000018, 0.0, 0.0, 0.0, 0.9520000000000007, 0.0, 0.0, 0.2760000000000002, 0.6720000000000005, 0.0, 0.9640000000000007, 0.0, 0.07600000000000004, 0.4880000000000004, 0.5600000000000004, 0.0, 0.0, 0.47600000000000037, 0.5320000000000004, 0.7000000000000005, 0.18800000000000014, 0.0, 0.0, 0.8440000000000006, 0.0, 0.0, 0.0, 0.0, 0.008, 0.12400000000000008, 0.0, 0.7800000000000006, 0.8960000000000007, 0.032, 0.0, 0.08400000000000005, 0.07600000000000004, 0.9160000000000007, 0.1360000000000001, 0.0, 0.0, 0.0, 0.0, 0.0, 0.0, 0.0, 0.0, 0.7760000000000006, 0.36800000000000027, 0.17600000000000013, 0.0, 0.9360000000000007, 0.0, 0.048000000000000015, 0.0, 0.0, 0.6680000000000005, 0.0, 0.1520000000000001, 0.0, 0.0, 0.0, 0.9720000000000008, 0.9000000000000007, 0.9760000000000008, 0.7880000000000006, 0.10400000000000006, 0.23600000000000018, 0.7760000000000006, 0.12000000000000008, 0.0, 0.0, 0.9880000000000008, 0.0]}}